url_path,views_total,views_unique
/craciunoiuc/acs-homework-index,18,16
/craciunoiuc/acs-homework-index/tree/main/.github/workflows,3,3
/craciunoiuc/acs-homework-index/blob/main/.github/workflows/stats.yaml,2,2
/craciunoiuc/acs-homework-index/blob/main/README.md,2,2
/craciunoiuc/acs-homework-index/actions,1,1
/craciunoiuc/acs-homework-index/actions/runs/4033828959,1,1
/craciunoiuc/acs-homework-index/actions/runs/4033828959/jobs/6934745467,1,1
/craciunoiuc/acs-homework-index/commit/322563b4dffe75da16190348508b4cbf9f56f16c,1,1
/craciunoiuc/acs-homework-index/commit/5dceb077aa6d4bbb7e493a35184515031732a10a,1,1
/craciunoiuc/acs-homework-index/commits/main,1,1
